{
  "id": "",
  "name": "",
  "font_family": "iconfont",
  "css_prefix_text": "icon-",
  "description": "",
  "glyphs": [
    {
      "icon_id": "3590935",
      "name": "管理员",
      "font_class": "guanliyuan",
      "unicode": "e62a",
      "unicode_decimal": 58922
    },
    {
      "icon_id": "4572455",
      "name": "记录",
      "font_class": "jilu",
      "unicode": "e604",
      "unicode_decimal": 58884
    },
    {
      "icon_id": "5733321",
      "name": "识别",
      "font_class": "shibie",
      "unicode": "e670",
      "unicode_decimal": 58992
    }
  ]
}
